{"web":{"client_id":"528139205075-let9epjgelhg625gbk6onsl21a7v7qp4.apps.googleusercontent.com","project_id":"imposing-gadget-185211","auth_uri":"https://accounts.google.com/o/oauth2/auth","token_uri":"https://accounts.google.com/o/oauth2/token","auth_provider_x509_cert_url":"https://www.googleapis.com/oauth2/v1/certs","client_secret":"VWIBihBXcVK8adt5G9PGdEdx","redirect_uris":["http://staging.technocratshorizons.com/sheeptimer/server/booking/index"],"javascript_origins":["http://staging.technocratshorizons.com"]}}