{
  "$schema": "./node_modules/@angular/cli/lib/config/schema.json",
  "project": {
    "name": "ram-timer"
  },
  "apps": [
    {
      "root": "src",
      "outDir": "dist",
      "assets": [
        "assets",
        "favicon.ico"
      ],
      "index": "index.html",
      "main": "main.ts",
      "polyfills": "polyfills.ts",
      "test": "test.ts",
      "tsconfig": "tsconfig.app.json",
      "testTsconfig": "tsconfig.spec.json",
      "prefix": "app",
      "styles": [
        "styles.css",
         "../node_modules/datatables.net-dt/css/jquery.dataTables.css",
         "../node_modules/ngx-bootstrap/datepicker/bs-datepicker.css",
        "./assets/bower_components/bootstrap/dist/css/bootstrap.min.css",
        "./assets/bower_components/font-awesome/css/font-awesome.min.css",
        "./assets/dist/css/AdminLTE.min.css",
        "./assets/dist/css/skins/_all-skins.min.css",
        "../node_modules/ladda/dist/ladda.min.css",
        "../node_modules/bootstrap-select/dist/css/bootstrap-select.min.css",
        "../node_modules/bootstrap-datepicker/dist/css/bootstrap-datepicker.css",
        "../node_modules/fullcalendar/dist/fullcalendar.min.css",
        "../node_modules/datatables.net-buttons-dt/css/buttons.dataTables.css"
      ],
      "scripts": [
        "../node_modules/jquery/dist/jquery.js",
        "./assets/bower_components/bootstrap/dist/js/bootstrap.min.js",
        "./assets/dist/js/adminlte.min.js",
        "../node_modules/datatables.net/js/jquery.dataTables.js",
        "../node_modules/bootstrap-select/dist/js/bootstrap-select.min.js",
        "../node_modules/bootstrap-datepicker/dist/js/bootstrap-datepicker.min.js",
        "../node_modules/moment/moment.js",
        "../node_modules/fullcalendar/dist/fullcalendar.min.js",
        "../node_modules/fullcalendar/dist/gcal.min.js",
        "../node_modules/datatables.net-buttons/js/dataTables.buttons.js",
        "../node_modules/datatables.net-buttons/js/buttons.colVis.js",
        "../node_modules/datatables.net-buttons/js/buttons.flash.js",
        "../node_modules/datatables.net-buttons/js/buttons.html5.js",
        "../node_modules/datatables.net-buttons/js/buttons.print.js"
      ],
      "environmentSource": "environments/environment.ts",
      "environments": {
        "dev": "environments/environment.ts",
        "prod": "environments/environment.prod.ts"
      }
    }
  ],
  "e2e": {
    "protractor": {
      "config": "./protractor.conf.js"
    }
  },
  "lint": [
    {
      "project": "src/tsconfig.app.json",
      "exclude": "**/node_modules/**"
    },
    {
      "project": "src/tsconfig.spec.json",
      "exclude": "**/node_modules/**"
    },
    {
      "project": "e2e/tsconfig.e2e.json",
      "exclude": "**/node_modules/**"
    }
  ],
  "test": {
    "karma": {
      "config": "./karma.conf.js"
    }
  },
  "defaults": {
    "styleExt": "css",
    "component": {}
  }
}
